,0,1,2,3,4,5,6,7,8,9,10,11
라면,[농심] 신라면 120gx5입,[농심] 올리브 짜파게티 (140gx5입),오뚜기 진라면 매운맛 120g*5입,팔도비빔면 130g*4개,[농심] 육개장 사발면 (86gx6입),농심 얼큰한 너구리 (120gx5입),[농심] 안성탕면 5입 625g (125g5입),오뚜기 진라면 순한맛 120g(5입),[팔도 Paldo] 왕뚜껑 110g,[오뚜기] 열라면 5입 (120g*5입),농심 배홍동비빔면 4입,농심 신라면 건면 5입
과자,[농심] 새우깡90g,"★4,780→3,280[7/15~7/27]크라운쵸코하임 18개입 284g",[오리온] 포카칩 오리지널 66g,"★2,380→1,980[7/15~7/27]크라운 콘칩 초당옥수수맛 148g","★3,360→2,980[7/15~7/27][크라운] 마구마구 스낵모음 8팩","★3,360→1,980[7/15~7/27][크라운] 참크래커 280g","No Brand
노브랜드 감자칩 오리지날 110g","PEACOCK
(G)[피코크] 초콜릿 샌드위치 비스킷 135g",해태 홈런볼초코5번들 205g,"★4,780→3,280[7/15~7/27]크라운 화이트하임 18개입 284g",오리온 초코송이 36g*2번들,오리온 촉촉한초코칩 12P+4P 320G
커피,"No Brand
노브랜드 콜롬비아 아메리카노 블랙 2.1L",[맥심] 모카골드 마일드 커피믹스 250입(쓱배송),[맥심] 카누 마일드 로스트 아메리카노 미니 150입(쓱배송),[매일] 바리스타룰스 에스프레소 라떼 250ml,빙)스페셜티 트리플 브루잉 라떼 300ml,"맥심
화이트골드 커피믹스 250입(쓱배송)",빙)스페셜티 멜로우 바닐라 라떼 300ml,[매일] 마이 카페라떼 220ml*6입 기획 (기획랜덤구성),[매일] 바리스타룰스 모카프레소 250ml,"PEACOCK
[피코크] 콜드브루아메리카노(390ml×6)",빙)스페셜티 토스티드 카라멜 마끼아또 300ml,"맥심
카누 마일드 미니 27g (0.9g*30입)"
제철과일,파머스픽 유명산지 수박 10kg미만,자두 1kg/팩,"E-MART FRESH
파머스픽 당도선별 참외 4~7입/봉 (1.5kg)","E-MART FRESH
하우스재배 돌빌레감귤 1kg/팩",샤인머스캣 500g/팩,[페루산] 순 유기농 바나나 1묶음 (1.1kg 내외),[필리핀산] 신세계푸드 스카이 고산지 바나나 1kg내외,더달콤 스테비아 대추방울토마토 550g/팩,국산 블루베리 200g/팩,"E-MART FRESH
[미국산] 체리 450g/팩",[뉴질랜드산] 제스프리 썬골드키위 7~14입/팩 (1.1kg내외),[필리핀산] 델몬트 컷파인애플 540g
아이스크림,[롯데] 월드콘 멀티(160ml*5입),[빙그레] 떡붕어싸만코 150ml*5,[롯데]일품 팥빙수,[빙그레] 비비빅 70ml*8,[빙그레] 메로나 75ml*8,해태 폴라포포도 120ml*6,"PEACOCK
피코크 욜로우 녹차 474ml","No Brand
노브랜드초코칩아이스크림660ml","No Brand
노브랜드쿠키칩아이스크림660ml",상하목장 얼려먹는 아이스크림 초코 510ml,"PEACOCK
피코크 욜로우 민트초코칩 474ml",상하목장 얼려먹는 아이스크림 밀크 510ml
돼지고기,"No Brand
[노브랜드][냉동] 삼겹살 바로구이 (1,000g)","No Brand
[노브랜드][냉동] 돼지 목심 바로구이 (1,000g)",국내산 등심 카레용 (100g) (팩),[국산의힘][냉동] 얼룩도야지 두툼 삼겹살 (350g),국내산 목심 찌개용 (100g),[냉동] 국내산 삼겹살 (800g),국내산 등심 잡채용 (100g) (팩),[더느림+] 무항생제 앞다리 (100g),"No Brand
[노브랜드][냉동] 감자탕용 등뼈 (1.5kg)",국내산 삼겹살 구이용 (600g),국내산 두툼 칼집 목심 (100g),[국산의힘][냉동] 얼룩도야지 목심 (350g)
닭고기,"No Brand
[노브랜드][냉동] 닭가슴살 (1,000g)",[하림] 무항생제 두마리 영계 1kg (500g*2),"No Brand
[노브랜드][냉동] 큐브 닭가슴살 (1,000g)","No Brand
[노브랜드][냉동] 닭안심 (1,000g)","[하림] 무항생제 닭 (볶음탕용) (1,000g)",[하림] 무항생제 닭다리살 (정육) (400g),CJ 더건강한 닭가슴살 직화 통살구이 100g,"[우리땅] 토종닭 (백숙용) (1,050g)",[하림] 무항생제 닭가슴살 (400g),[올품] 무항생제 두마리 영계 1kg (500g*2),[하림] 무항생제 닭안심 (400g),대림 사조안심 닭가슴살 블랙페퍼 100g
우유,"PEACOCK
피코크 에이 클래스 우유 900ml (1A등급)(매일유업)",[서울우유] 서울우유 1000ml 나100%,"PEACOCK
피코크 에이 클래스 우유 2.3L (1A등급)(남양유업)",[매일] 우유 오리지널 후레쉬팩 900ML*2,[서울우유] 서울우유 2.3L,[남양] 맛있는 우유 GT 900ml×2,"No Brand
노브랜드 굿모닝 굿밀크1,000ml",[매일] 소화가 잘되는 우유 930ml,[서울우유] 속편한 우유 저지방 (900ml*2),서울우유 1.8L,[서울우유] 목장의 신선함이 살아있는 우유 1L,[서울우유] 후레쉬 밀크 기획(900ml*2) 1800ml
세제,유한락스 펑크린 (1.5ℓ + 200ml),"No Brand
[노브랜드] 더 경제적인 주방 세제 4L",다우니 고농축 섬유유연제 엑스퍼트 2L(실내건조),비트 트리플 액션 2.8L,프릴 맑은 식초 750ML(상큼한라임),리큐 진한겔 베이킹소다 2.7L 드럼,테크 베이킹구연산 2.4L*2 겸용,[유한락스] 레귤러 3.5L,퍼실 파워젤 2.7L 드럼,자연퐁 퐁퐁 베이킹소다 1200ml 리필,홈스타 락스와 세제 후로랄 파인 (750ml),프릴 맑은 식초 750ML(산뜻한자몽)
화장지,"No Brand
노브랜드 도톰한 물티슈 100매","No Brand
노브랜드 키친타올 200매*6롤",크리넥스 울트라클린 화이트 비데 3겹 30m*30롤,"크리넥스
순수소프트내추럴 3겹 30m*30롤","크리넥스
안심 클래식 키친타올 150매*6롤","크리넥스
디럭스미니 카카오230매6입",크리넥스 실크소프트 미용티슈 230매 *6입,크리넥스 마이비데 물티슈 42매*6입,깨끗한나라 물티슈100매6입(캡형),[크리넥스] 내츄럴소프트 미용티슈 270매6입,크리넥스 수앤수 코튼클린 오리지널캡 80x6,그루 키친타올 230매*4입
뷰티케어,코디 귀가편한 KF94 마스크 대형(10입),도브 뷰티너리싱 바디워시 1kg,온더바디 발을씻자 코튼 풋샴푸 385ml,오가니스트 핑크솔트 바디워시 900g,"JAJU/자주
단단한 엠보형 면봉 200P","클린앤클리어
에센셜 포밍클렌져 150mL","해피바스
코튼플라워섬 퍼퓸비누 4입",아이깨끗해폼핸드솝 그린티향250ml,온더바디 수퍼보타닉 세이지 바디워시 900g,잘스며드는 화장솜 222매입,"케라시스 샴푸 1,000ml(두피 클리닉)",아이깨끗해 거품형 순 리필 200ml
등산용품,"트렉스타
코브라 GT 900/시티화/최신형/경등산화/트레킹화/매장 정품 AS보장","써모스
[대박행사]써모스 보온병보냉병 머그형 이지텀블러 JOE-480K 0.48L","트렉스타
프리미엄 어코드 3단 초경량 등산스틱 2개 1세트 + 케이스","테크니카
포지 MS GTX 남성용","써모스
머그형 보온병보냉병 JOG-350K","캠프라인
산티아고/남녀공용 경등산화/고어텍스","써모스
보온도시락죽통 JBJ-303K 0.3L","써모스
원터치 보온병보냉병 JNL-504K 0.5L","버팔로
가성비 등산 가방 배낭 스틱 베스트 모음전","데카트론
컴팩트 트레킹 등산 백팩 10L e","써모스
원터치 보온병보냉병 JNR-350K /내마음대로/꾸미기/스티커포함","써모스
[대박행사]써모스 머그형 보온병보냉병 JNO-350 0.35L"
